{
  "parameters": {
    "betas_real": [
      -0.0035129846073687077,
      -0.020692337304353714,
      0.082431361079216,
      0.038947105407714844,
      -0.06221991032361984
    ],
    "betas_imag": [
      -0.05344052240252495,
      -0.17064790427684784,
      -0.03666294738650322,
      0.05404765531420708,
      -0.10265324264764786
    ],
    "phis": [
      0.8329120874404907,
      5.609699249267578,
      3.3921058177948,
      2.7411563396453857,
      1.896980881690979
    ],
    "thetas": [
      2.5169429779052734,
      2.6616578102111816,
      1.783360242843628,
      2.370842695236206,
      3.052325487136841
    ]
  },
  "fidelity": 0.2018202245235443,
  "target_phases": [
    0.1,
    0.7,
    2.3,
    0.9,
    1.5,
    3.1
  ],
  "iterations": 50
}